{"cameraMode":{"drawMode":0,"name":"Shaded","section":"Shading Mode"},"sceneLighting":true,"audioPlay":false,"sceneViewState":{"showFog":true,"showMaterialUpdate":false,"showSkybox":true,"showFlares":true,"showImageEffects":true,"showParticleSystems":true},"in2DMode":false,"pivot":{"x":0.16614080965518952,"y":-5.876806259155273,"z":1.5875740051269532},"rotation":{"x":-0.24426935613155366,"y":-0.7547972798347473,"z":0.4515374004840851,"w":-0.4083356261253357},"size":31.813371658325197,"orthographic":false}